Residue_Index,Residue_A,Residue_B,Distance_(Å)
36,GLY,GLY,0.095
37,VAL,VAL,0.111
38,LEU,LEU,0.114
39,TYR,TYR,0.065
40,VAL,VAL,0.115
41,GLY,GLY,0.485
42,SER,SER,0.485
43,LYS,LYS,0.309
44,THR,THR,0.339
45,LYS,LYS,0.314
46,GLU,GLU,0.283
47,GLY,GLY,0.201
48,VAL,VAL,0.187
49,VAL,VAL,0.183
50,HIS,HIS,0.174
51,GLY,GLY,0.253
52,VAL,VAL,0.162
53,ALA,ALA,0.137
54,THR,THR,0.032
55,VAL,VAL,0.058
56,ALA,ALA,0.151
57,GLU,GLU,0.316
58,LYS,LYS,0.41
59,THR,THR,0.265
60,LYS,LYS,0.833
61,GLU,GLU,0.065
62,GLN,GLN,0.309
63,VAL,VAL,0.148
64,THR,THR,0.071
65,ASN,ASN,0.208
66,VAL,VAL,0.26
67,GLY,GLY,0.342
68,GLY,GLY,0.254
69,ALA,ALA,0.222
70,VAL,VAL,0.311
71,VAL,VAL,0.285
72,THR,THR,0.179
73,GLY,GLY,0.409
74,VAL,VAL,0.196
75,THR,THR,0.283
76,ALA,ALA,0.172
77,VAL,VAL,0.089
78,ALA,ALA,0.233
79,GLN,GLN,0.171
80,LYS,LYS,0.053
81,THR,THR,0.188
82,VAL,VAL,0.199
83,GLU,GLU,0.633
84,GLY,GLY,0.587
85,ALA,ALA,0.304
86,GLY,GLY,0.32
87,SER,SER,0.176
88,ILE,ILE,0.571
89,ALA,ALA,0.996
90,ALA,ALA,0.711
91,ALA,ALA,0.491
92,THR,THR,0.34
93,GLY,GLY,0.644
94,PHE,PHE,0.373
95,VAL,VAL,0.238
96,LYS,LYS,0.255
97,LYS,LYS,0.187
